"Virus0","cattgagattgccttataccgctgcccccacttgttttgctcccttttgagtcaacgtagttgacgagggtggtatacgatgtacgagccgagtgcgaccgtcctttctgtccctagccacaatggttgaagcatcagcatactggaggtcaatagaaccatccaacgcaatcgctagttcttgtatacgtcgacgataa"
"Alger","aatccgaagagctctactgcaccactgctacttatattgcgccagtctggatggactttaattccggagtacctatgctgcgtaccagacgagtccggcggtacctttgatcaccgggcgcgatggtcgaagcattactggagcgaaggactacgggattaccttatgctcttgttggagaccggagggtcagccgacta"
"Amsterdam","cattgggatggcatgataccggttccttcacttattctgcgccaatgtggatcgacgaagaattcggcatcagtctgtgccgtgccagccgtgtgcggcagttcttcccgtccctagacacatcgcttgaagcatctccgtaacgaacgaccatagaatcaacctgagcccgcgctagttcctagagatttcgacgataa"
"Belfast","cattcctattgcttgagggcggatcccccccttcgggcccgcccgcgcaaaccgacttaggtgtaggaggtaggaagtgacgcgccatacgtgtgaggcagatctttcggggcttacgccaaatggctggttcctcccagcatcgaaggggaatagtctcaccgagaactcgcgctactttccagatatatcggcgatta"
"Bologne","cacgagaatggctttttatgggctctgctacttattttgcgcaagtgcagatggattcggatgccggagtcagtatgcagcgcactagcggagtgcggcggcccatgcgagcaccgaacgcaatggtcgaagcactagcgaaaagaaggaatccacgataatctattccccgcgctaatctctagagattgcgtcgataa"
"Bruxelles","cattgggatgactttataccggttccgccacttattttgcgccaatgtgggtctacgtagatgtcggcgtcagtctgtgacgtgccagccgtctgcggcgctcctttccgtccctaggcgcaatgattgaagcatcaccgtaacgaaggaccatagaatcatgcagagcccgcgctagttcctggatatttcgacgataa"
"Casablanca","aatgctagaacctctatagcacctctgctagtgataatgcgtctctctcgatggactttaatgcgggagaattgatgcgacggacccgacgagtgccagggtccctagcagaaccgaacgcgatggtcgagacattaccacgaggaagtagaatccggtaatccagtgctttcggtcgcgagtgggaagtcagccgatga"
"Cork","cattcaaattgcctgagggagggtcccccccttcgggcccgtcagcgcaacccgagttgggtgtcagaggtgggaagtgatgcgccatacgtgtggggcggatctttagggccttacgccaaatggtaggatcaggccagtatcggaaggggaccgtcccaccgagaactcgcgctactttccagatatttcgctgatta"
"Dublin","cattcaaattgcttgagaccggatcccctccttcgggcccgctagcgcaactcgacttgggtgtcggaggtgggaagtgacgcgccatacgtgtgaggcggggctttcgggccttacgccaaatgattggatcagcccagtatcggagggggatagactcaccgagaactcgtgctactttccagatatatcggcgatta"
"Edimbourg","cattcagattgttttatatcgaatcccctccctcggtcccgctcgggatggtcgacttgggtgtctgggcgagtccgtgacgcgccatacgtgtgatgctgtgctttcgggtcccatgtgaaatgcgttaatcattacagtacctgggagcgatagacccgtcgagaacctgcgctagttcccaggtatattggcgataa"
"Glasgow","cattgagagtgctttgtatcggatcccctccttaggtcccgctcatgaaggtcaacttgggtttctgggcgagtccgtgacgtgccatacgtgtggtgctgtgcgttcgagtcctatgtaaaatgagtgaatcatcacagtaactgggagcgatagaatcgttgagaacctgcacttgttcttaggtatatcggcgatag"
"Lilles","cattgggatggttgtctgtgggtttctccatttgttttgcgctcgtatgggtccacgtagaggccgcaatcagcctgtgacgtgccagccgtgcgtggtggtcgaggacgtccatggacgcaaaggccgaagcgccaccgaaacgaaggaccatagcaccatccagtacccgcgctagttcccagatatttaggggacaa"
"Ljubljana","catgcaaatggctttatcccggctctgcagcttattgtgcgcaaatgcagatggactaggatgcccgagtctgtatgtcgagtactagcgaagtgcggcggaccttgcgagccccaaacacaatggtcgaagcataagcggaacgctggaacacaggatcatccgctccccgcgctaatctctagagattgcgtcgatta"
"Londres","cactaagatcactttaccttggttccttcacttagaaacaccgcatgtatgtcgacttagttgtcgggggaggtcagcgatccgccagtactgcgcggccagtctttcagttcccaggggcaatgattgtagcgtgactgtaacggaggtccacggaatcctccagagcccgcgctctttccttgatatagcggcgataa"
"Manchester","tattgagattactttacatcggttccctcacttaagaaccacccatgcagacaaacttagttggcgggggtggtctgcgataggccagtcgtgtgcggccgttatctcagttctgaggagcaaagagtggagcgataccatactgtagcgtcacagaatcatccaccgcccgcgctaactccttgatatagcggcgaaaa"
"Marrakech","aatactagaacctctatcgcacctctgctagtggtaatgcgtctctctcgatggtctttaatgcgggagaattgatgcgtcggacccgacgcgtgccagggtccctaggagaaccgaactcgatggtcgagacatcaccaggaggaagtagaatccggtactccagagctttccgttgcgagtggggagtctgccgatga"
"Marseille","cattggaacggctttatatcacctcggctactcattttgcgcccttggggatggacgtggatgccggtgtcactatgtgacgtgcgagccgagtgcggcggtcgttgccgtctccggacgcaatggtggaagcatcaccgaaacgaaggaatataggactatccagtccccgcgcaagtttccagagatttcgccgatta"
"Milan","catgggaatggctttatatcggctctaccacttattttgcgtcagtgcagatggacttggatgccggagtcagtatgcggcgtactagccgagcgcgccggtccctgcgatcaccggacgctatggtcggagcattaccgaaacgaaggaatataggatcatctactccctgcgctagcctctatacattacgccgatta"
"Paris","catcggaatggctttctattacctcggctacttattttgcgcccgtgcggatagacgtggatgccggagtcagtatgtgacgtgccagccgagttcggcagtccttagcgtcaccgaacgcaatggtcgaagcatcaccgaaacgaagggatataggatgatccagtcaccgcgttagttcctagagatttcgccgatta"
"Tunis","aatgcgagaacctttatagcatctctgttagtgataacgcgtcactctggatgggctctaatgcgcgagaattgatagggcggaccagacgagtgcaagggtcccttcgagagcggaacgcaatggtccagacgttaccgaaacgaaggaaaattggggaattcaatgctttcggtgtttagcggagagtccgccgatga"
"Venise","cacgagaatggcttgatatgggctctgctacttattttgcgccagtgcagatggactaggctgccggagtcagtatgcagcgtactagcggagtgcggcggcccgtgcgcgcactgaacgcaatgttcgaagcactagcgaaaccaaggaataaaggataatctattccccgcgctaatctctagagattgcgtcgatta"
